Identifiant de ménage,Typologie du menage_Isolée,Typologie du menage_Menage avec enfant,Typologie du menage_Menage sans enfant,Territoire_Brignoles élargi,Territoire_CAVEM-Golf Saint Tropez,Territoire_Dracénoise,Territoire_HD,Territoire_TPM,Age_A1,Age_A2,Age_A3,Ressources_R0,Ressources_R1,Ressources_R2,Cible
90056373,0,1,0,0,0,0,0,1,0,1,0,0,0,1,0
89832569,0,1,0,0,0,0,0,1,0,1,0,0,0,1,0
90678719,0,0,1,0,0,0,0,1,0,1,0,0,0,1,0
84536118,1,0,0,0,0,0,0,1,0,0,1,0,0,1,0
90062617,0,1,0,0,0,0,0,1,0,0,1,0,0,1,0
69842532,1,0,0,0,1,0,0,0,0,1,0,0,0,1,0
89957919,0,1,0,0,0,0,0,1,0,1,0,0,0,1,0
90015093,0,1,0,0,0,0,0,1,0,1,0,0,0,1,0
90071355,0,1,0,0,1,0,0,0,0,1,0,0,0,1,0
90387013,0,1,0,0,0,0,0,1,0,1,0,0,0,1,0
90415916,0,1,0,0,0,0,0,1,0,1,0,0,0,1,0
90414394,0,1,0,0,0,0,0,1,0,1,0,0,0,1,0
90526803,1,0,0,0,0,1,0,0,0,1,0,0,0,1,0
89930989,0,1,0,0,1,0,0,0,0,1,0,0,0,1,0
90434406,1,0,0,0,0,0,0,1,0,0,1,0,0,1,0
84864103,1,0,0,0,0,0,0,1,0,1,0,0,0,1,0
90413531,1,0,0,0,0,0,0,1,0,1,0,0,0,1,0
90496744,0,1,0,0,1,0,0,0,0,1,0,0,0,1,0
90506157,1,0,0,0,0,0,0,1,0,1,0,1,0,0,0
90510650,0,0,1,0,0,0,0,1,0,1,0,0,0,1,0
21719381,1,0,0,0,0,0,0,1,0,1,0,1,0,0,0
90518116,0,1,0,0,0,0,0,1,0,1,0,0,0,1,0
90518728,1,0,0,0,0,0,0,1,0,1,0,0,0,1,0
90525725,0,1,0,0,0,0,0,1,0,1,0,0,0,1,0
90530322,0,1,0,0,0,0,0,1,0,1,0,0,0,1,0
89930829,0,1,0,0,0,0,0,1,1,0,0,0,0,1,0
90567522,0,1,0,0,0,0,0,1,0,1,0,0,0,1,0
90568571,1,0,0,0,0,0,0,1,0,1,0,0,0,1,0
68391048,0,0,1,0,0,0,0,1,0,1,0,0,0,1,0
90580054,0,1,0,0,0,0,0,1,0,1,0,0,0,1,0
90592552,0,1,0,0,0,0,0,1,0,1,0,0,0,1,0
20393807,1,0,0,0,0,0,0,1,0,1,0,0,0,1,0
90602986,0,1,0,0,0,1,0,0,0,1,0,0,0,1,0
90609830,0,1,0,0,1,0,0,0,0,1,0,0,0,1,0
90612771,0,1,0,0,1,0,0,0,0,1,0,0,0,1,0
90615830,1,0,0,0,0,0,0,1,0,1,0,0,0,1,0
84346334,1,0,0,0,0,0,0,1,0,1,0,0,0,1,0
90546438,1,0,0,0,0,0,0,1,0,1,0,0,0,1,0
90635959,0,1,0,0,0,0,0,1,0,1,0,0,0,1,0
90646892,0,1,0,0,0,0,0,1,1,0,0,0,0,1,0
90650254,1,0,0,0,0,0,0,1,0,0,1,0,0,1,0
90653836,1,0,0,0,0,0,0,1,0,0,1,0,0,1,0
90661953,0,1,0,0,1,0,0,0,0,1,0,0,0,1,0
90666679,0,1,0,0,0,0,0,1,0,1,0,0,0,1,0
90498489,1,0,0,0,0,0,0,1,0,1,0,0,0,1,0
67213186,0,1,0,0,0,0,0,1,0,1,0,0,0,1,0
90552940,0,1,0,0,0,0,0,1,0,1,0,0,0,1,0
90691123,0,1,0,0,0,0,0,1,0,1,0,0,0,1,0
90697734,0,1,0,0,0,0,0,1,0,1,0,0,0,1,0
90596525,0,1,0,0,0,0,0,1,0,1,0,0,0,1,0
90711382,0,1,0,0,0,0,1,0,0,1,0,0,0,1,0
90381798,1,0,0,0,0,0,0,1,0,1,0,0,0,1,0
90736184,0,1,0,0,0,0,0,1,0,1,0,0,0,1,0
90735611,0,1,0,0,0,0,0,1,0,1,0,0,0,1,0
90749186,0,0,1,0,0,0,0,1,0,1,0,0,0,1,0
90755962,0,1,0,0,0,0,0,1,1,0,0,0,0,1,0
90757623,0,1,0,0,0,0,0,1,0,1,0,0,0,1,0
90037843,0,1,0,0,0,0,0,1,0,1,0,0,0,1,0
90775221,0,1,0,0,0,0,0,1,0,1,0,0,0,1,0
90785226,0,1,0,0,0,0,0,1,0,1,0,0,0,1,0
89993427,0,1,0,0,0,0,1,0,0,1,0,0,0,1,0
90791482,0,1,0,0,0,0,0,1,0,1,0,0,1,0,0
90791690,0,1,0,1,0,0,0,0,0,1,0,0,0,1,0
90793354,0,1,0,0,0,0,0,1,0,1,0,0,0,1,0
90797691,0,1,0,0,1,0,0,0,0,1,0,0,0,1,0
90817750,1,0,0,0,0,0,0,1,0,1,0,0,0,1,0
90847959,0,0,1,0,0,0,0,1,0,1,0,0,0,1,0
90849734,1,0,0,0,0,0,0,1,1,0,0,0,0,1,0
89952445,0,1,0,0,0,0,0,1,0,1,0,0,0,1,0
90661953,0,1,0,0,1,0,0,0,0,1,0,0,0,1,0
90871098,0,1,0,0,0,0,0,1,0,1,0,0,0,1,0
90878564,0,1,0,0,0,0,0,1,0,1,0,0,0,1,0
90892925,0,1,0,0,0,0,0,1,0,1,0,0,0,1,0
90904858,0,1,0,0,0,0,0,1,0,1,0,0,0,1,0
90921640,1,0,0,0,0,0,0,1,0,1,0,0,0,1,0
90938047,1,0,0,0,1,0,0,0,0,0,1,0,0,1,0
90941375,0,1,0,0,0,0,0,1,1,0,0,0,0,1,0
90953881,1,0,0,0,0,0,0,1,0,1,0,0,0,1,0
90624298,0,1,0,0,0,0,0,1,0,1,0,0,0,1,0
14429589,1,0,0,0,0,0,0,1,0,1,0,0,0,1,0
84699112,1,0,0,0,1,0,0,0,0,1,0,0,0,1,0
69155089,1,0,0,0,0,0,0,1,0,1,0,0,0,1,0
90492762,0,0,1,0,0,0,0,1,0,1,0,0,0,1,0
89874275,0,1,0,0,0,0,0,1,0,1,0,0,0,1,0
89902051,0,1,0,0,1,0,0,0,0,1,0,0,0,1,0
90584277,0,1,0,0,0,0,0,1,0,1,0,0,0,1,0
90606185,0,1,0,0,0,0,0,1,0,1,0,0,0,1,0
90609655,0,1,0,0,0,0,0,1,0,1,0,0,0,1,0
90616836,0,1,0,0,0,0,0,1,0,1,0,0,0,1,0
90637133,0,1,0,0,0,0,0,1,0,1,0,0,0,1,0
90648474,0,1,0,0,0,0,0,1,0,1,0,0,0,1,0
90510650,0,0,1,0,0,0,0,1,0,1,0,0,0,1,0
90658575,0,1,0,0,0,0,0,1,0,1,0,0,0,1,0
89925683,0,1,0,0,0,0,0,1,0,1,0,0,0,1,0
2544108,1,0,0,0,1,0,0,0,0,1,0,0,0,1,0
90750667,1,0,0,0,0,0,0,1,0,0,1,0,0,1,0
90773642,1,0,0,0,0,0,0,1,0,1,0,0,0,1,0
90653896,1,0,0,0,0,1,0,0,0,1,0,0,0,1,0
90931472,0,0,1,0,0,0,0,1,0,1,0,0,0,1,0
89935815,0,1,0,0,0,0,0,1,0,1,0,0,0,1,0
33110581,1,0,0,0,1,0,0,0,0,0,1,0,0,1,0
90050805,0,1,0,0,0,0,0,1,0,1,0,0,0,1,0
90542607,1,0,0,0,1,0,0,0,0,1,0,0,0,1,0
90569491,0,1,0,0,0,0,0,1,0,1,0,0,0,1,0
90615787,1,0,0,0,0,0,0,1,0,1,0,0,0,1,0
90856393,0,1,0,0,0,0,0,1,0,1,0,0,0,1,0
90682916,0,1,0,0,0,0,0,1,0,1,0,0,0,1,0
84368810,1,0,0,0,0,0,0,1,0,1,0,0,1,0,1
90010483,0,1,0,0,0,0,0,1,0,1,0,0,0,1,1
90627478,0,1,0,0,0,0,0,1,0,1,0,0,0,1,1
30302289,1,0,0,0,0,0,0,1,0,1,0,0,0,1,1
41857855,1,0,0,0,0,0,0,1,0,1,0,0,0,1,1
89958239,0,0,1,0,0,0,0,1,0,1,0,0,0,1,1
89991733,0,1,0,0,1,0,0,0,0,1,0,0,0,1,1
84635713,1,0,0,0,0,0,0,1,0,1,0,0,0,1,1
89948751,0,0,1,0,0,0,0,1,0,1,0,0,0,1,1
84466493,1,0,0,0,0,0,0,1,0,1,0,0,0,1,1
84799606,1,0,0,0,0,0,0,1,0,1,0,0,0,1,1
41936600,1,0,0,0,0,0,0,1,0,1,0,0,0,1,1
57078297,1,0,0,0,0,0,0,1,0,0,1,0,0,1,1
90412359,0,1,0,0,0,0,0,1,0,1,0,0,0,1,1
89817445,0,1,0,0,0,0,1,0,0,1,0,0,0,1,1
89813613,0,1,0,0,1,0,0,0,0,1,0,0,0,1,1
89829845,0,1,0,0,1,0,0,0,0,1,0,0,0,1,1
90391881,1,0,0,0,0,0,0,1,0,1,0,0,0,1,1
89981655,0,1,0,0,0,0,0,1,0,1,0,0,0,1,1
90410036,0,1,0,0,0,0,0,1,1,0,0,0,0,1,1
90410440,0,1,0,0,1,0,0,0,0,1,0,0,0,1,1
90410450,0,1,0,0,1,0,0,0,0,1,0,0,0,1,1
90412724,0,1,0,0,1,0,0,0,0,1,0,0,0,1,1
10396117,1,0,0,0,0,0,0,1,0,1,0,0,0,1,1
90414031,0,1,0,0,1,0,0,0,0,1,0,0,0,1,1
36334725,1,0,0,0,1,0,0,0,0,1,0,0,0,1,1
84596068,1,0,0,0,1,0,0,0,0,1,0,0,0,1,1
84568331,1,0,0,0,0,0,0,1,0,1,0,0,0,1,1
90398983,1,0,0,0,0,0,0,1,0,1,0,0,0,1,1
74510822,0,1,0,0,0,0,0,1,0,0,1,0,0,1,1
33045491,0,1,0,0,0,0,0,1,0,1,0,0,0,1,1
44084530,0,0,1,0,0,0,0,1,0,1,0,0,0,1,1
90584275,0,1,0,0,1,0,0,0,0,1,0,0,0,1,1
90504263,0,1,0,0,0,0,0,1,0,1,0,0,0,1,1
90505116,0,1,0,0,0,0,0,1,0,1,0,0,0,1,1
90505530,1,0,0,0,0,0,0,1,0,1,0,0,0,1,1
90432733,0,1,0,0,0,0,0,1,1,0,0,0,0,1,1
90514463,0,1,0,0,1,0,0,0,0,1,0,0,0,1,1
84215120,1,0,0,0,0,0,0,1,0,1,0,0,0,1,1
90527502,0,1,0,1,0,0,0,0,0,1,0,0,0,1,1
59564257,1,0,0,0,0,0,0,1,0,0,1,0,0,1,1
90510591,0,1,0,0,0,0,0,1,0,1,0,0,0,1,1
90534551,1,0,0,0,0,0,0,1,0,1,0,0,0,1,1
90542328,0,1,0,0,0,0,0,1,0,1,0,0,0,1,1
90540774,0,1,0,0,0,0,0,1,0,1,0,0,0,1,1
90568773,0,0,1,0,1,0,0,0,0,1,0,0,0,1,1
90766809,0,1,0,0,0,0,0,1,0,1,0,0,0,1,1
90558353,0,1,0,0,0,0,0,1,0,1,0,0,0,1,1
84623892,1,0,0,0,0,0,0,1,0,1,0,0,0,1,1
90559625,0,1,0,0,1,0,0,0,0,1,0,0,0,1,1
90560921,1,0,0,0,0,0,0,1,0,1,0,0,0,1,1
89864783,0,1,0,0,0,0,0,1,0,1,0,0,0,1,1
90568639,0,1,0,0,0,0,0,1,0,1,0,0,0,1,1
90569555,1,0,0,0,0,0,0,1,0,1,0,0,0,1,1
90570490,0,1,0,0,1,0,0,0,0,1,0,0,1,0,1
90570599,0,0,1,0,0,0,0,1,0,1,0,0,0,1,1
90570717,0,1,0,0,0,0,0,1,0,1,0,0,0,1,1
69519009,0,1,0,0,0,0,0,1,0,1,0,0,0,1,1
2985091,1,0,0,0,0,0,0,1,0,1,0,0,1,0,1
90574933,1,0,0,0,0,0,0,1,0,1,0,0,0,1,1
90574518,0,1,0,0,1,0,0,0,0,1,0,0,0,1,1
90574249,0,1,0,0,0,0,0,1,0,1,0,0,0,1,1
52598240,1,0,0,0,0,0,0,1,0,0,1,0,0,1,1
90556255,0,0,1,0,0,0,0,1,1,0,0,0,0,1,1
84464476,1,0,0,0,0,0,0,1,0,1,0,0,0,1,1
90594524,0,1,0,0,1,0,0,0,0,1,0,0,0,1,1
90595101,0,1,0,0,0,1,0,0,0,1,0,0,0,1,1
90725084,1,0,0,0,1,0,0,0,0,1,0,0,0,1,1
90606083,0,0,1,0,0,0,0,1,0,0,1,0,0,1,1
90601724,0,1,0,0,0,0,0,1,0,1,0,0,0,1,1
90592754,1,0,0,0,1,0,0,0,0,1,0,0,0,1,1
90555809,1,0,0,0,0,0,0,1,0,1,0,0,0,1,1
90607238,1,0,0,0,0,0,0,1,0,1,0,0,0,1,1
90615535,0,1,0,0,0,0,0,1,0,1,0,0,0,1,1
90616154,1,0,0,0,0,0,0,1,1,0,0,0,0,1,1
90891158,1,0,0,0,0,0,0,1,0,1,0,0,0,1,1
90620773,1,0,0,0,0,0,0,1,0,0,1,0,0,1,1
90599510,0,1,0,0,0,0,0,1,1,0,0,0,0,1,1
90623140,0,1,0,0,0,0,0,1,0,1,0,0,0,1,1
90737922,0,1,0,0,0,1,0,0,0,1,0,0,0,1,1
90627157,0,1,0,0,0,0,0,1,0,1,0,0,0,1,1
84372747,1,0,0,0,0,0,0,1,0,1,0,0,0,1,1
74231409,1,0,0,0,1,0,0,0,0,1,0,0,0,1,1
31660269,1,0,0,0,0,0,0,1,0,1,0,0,0,1,1
90634167,0,0,1,0,1,0,0,0,0,1,0,0,0,1,1
90378310,0,1,0,0,0,0,0,1,1,0,0,0,0,1,1
70311137,0,1,0,0,0,0,0,1,0,1,0,0,0,1,1
84310051,1,0,0,0,0,0,0,1,0,1,0,0,0,1,1
90641290,1,0,0,0,0,0,0,1,0,1,0,0,0,1,1
90642028,1,0,0,0,0,0,0,1,0,1,0,0,0,1,1
90432438,1,0,0,0,0,0,0,1,0,1,0,0,0,1,1
90643841,0,1,0,0,0,0,0,1,0,1,0,0,0,1,1
90648413,1,0,0,0,0,1,0,0,0,1,0,0,0,1,1
90651158,1,0,0,0,0,0,1,0,0,1,0,0,0,1,1
90643810,1,0,0,0,0,1,0,0,0,1,0,0,0,1,1
90644402,1,0,0,0,0,1,0,0,0,1,0,0,0,1,1
90653993,1,0,0,0,0,1,0,0,0,1,0,0,0,1,1
90521160,1,0,0,0,1,0,0,0,0,1,0,0,0,1,1
90657662,0,1,0,0,1,0,0,0,0,1,0,0,0,1,1
90661075,0,1,0,0,0,0,0,1,0,1,0,0,0,1,1
90666604,1,0,0,0,1,0,0,0,0,1,0,0,0,1,1
90667971,0,1,0,0,0,0,0,1,0,1,0,0,0,1,1
90646639,0,1,0,0,0,0,0,1,0,1,0,0,0,1,1
90639768,0,1,0,0,0,1,0,0,0,1,0,0,0,1,1
89950325,0,1,0,0,0,0,0,1,0,1,0,0,0,1,1
90683056,0,1,0,0,0,0,0,1,0,1,0,0,0,1,1
19479145,0,1,0,0,0,0,0,1,0,1,0,0,0,1,1
66634557,0,1,0,0,1,0,0,0,0,1,0,0,0,1,1
90904599,0,1,0,0,1,0,0,0,0,1,0,0,0,1,1
90686958,0,1,0,0,0,1,0,0,0,1,0,0,0,1,1
90694078,0,0,1,0,0,0,0,1,0,1,0,0,0,1,1
90694513,1,0,0,0,0,1,0,0,0,1,0,0,0,1,1
90574176,0,1,0,0,0,0,0,1,0,1,0,0,1,0,1
90699101,0,1,0,0,0,1,0,0,0,1,0,0,0,1,1
84378436,1,0,0,0,0,0,0,1,0,0,1,0,0,1,1
90699220,0,1,0,0,1,0,0,0,0,1,0,0,0,1,1
89863341,0,1,0,0,0,0,0,1,0,1,0,0,0,1,1
84879264,1,0,0,0,0,0,0,1,1,0,0,0,0,1,1
90707849,0,1,0,0,0,0,0,1,0,1,0,0,0,1,1
90712761,0,1,0,0,0,0,0,1,0,1,0,0,0,1,1
90719902,0,1,0,0,0,0,0,1,0,1,0,0,0,1,1
90707834,0,1,0,0,0,0,0,1,0,1,0,0,0,1,1
90729644,0,1,0,0,1,0,0,0,0,1,0,0,0,1,1
2708693,1,0,0,0,0,0,0,1,0,1,0,0,0,1,1
7453446,1,0,0,0,0,0,0,1,0,1,0,0,0,1,1
90737132,0,1,0,0,0,0,0,1,0,1,0,0,0,1,1
89925273,0,1,0,0,0,0,0,1,0,1,0,0,0,1,1
90041195,0,1,0,0,0,1,0,0,0,1,0,0,0,1,1
90449128,1,0,0,0,0,0,0,1,0,1,0,0,0,1,1
38651929,1,0,0,0,0,0,0,1,0,1,0,0,0,1,1
72104176,1,0,0,0,0,0,0,1,0,0,1,0,0,1,1
90425214,1,0,0,0,0,0,0,1,0,1,0,0,0,1,1
36002773,1,0,0,0,0,0,0,1,0,1,0,0,0,1,1
22154699,0,0,1,0,0,0,0,1,0,1,0,0,0,1,1
35427088,1,0,0,0,0,0,0,1,0,1,0,0,0,1,1
90749060,0,1,0,0,1,0,0,0,0,1,0,0,0,1,1
90750762,0,1,0,1,0,0,0,0,0,1,0,0,0,1,1
31387597,0,1,0,0,1,0,0,0,0,1,0,0,0,1,1
90764095,0,1,0,0,1,0,0,0,0,1,0,0,0,1,1
50294881,0,1,0,0,0,0,0,1,0,1,0,0,0,1,1
89854147,0,1,0,0,0,0,0,1,0,1,0,0,0,1,1
84565676,0,0,1,0,0,0,0,1,1,0,0,0,0,1,1
90775886,0,1,0,0,1,0,0,0,0,1,0,0,0,1,1
72900357,0,1,0,0,0,0,0,1,1,0,0,0,0,1,1
90779688,0,1,0,0,1,0,0,0,0,1,0,0,0,1,1
90788519,0,0,1,0,0,0,0,1,0,1,0,0,0,1,1
90811597,0,1,0,0,0,0,0,1,0,1,0,0,0,1,1
90785746,0,1,0,0,0,0,1,0,0,1,0,0,0,1,1
50310284,0,1,0,0,0,0,0,1,0,1,0,0,0,1,1
63794478,0,1,0,0,0,0,0,1,0,1,0,0,0,1,1
90795383,0,1,0,0,1,0,0,0,0,1,0,0,0,1,1
90798854,1,0,0,0,0,0,0,1,0,1,0,0,0,1,1
90800722,0,1,0,0,0,0,1,0,0,1,0,0,0,1,1
90802272,0,1,0,0,0,0,0,1,1,0,0,0,0,1,1
90803299,0,1,0,0,0,0,0,1,0,1,0,0,0,1,1
90612771,0,1,0,0,1,0,0,0,0,1,0,0,0,1,1
90812055,0,1,0,0,0,0,0,1,0,1,0,0,0,1,1
90817779,0,1,0,0,0,0,0,1,0,1,0,0,0,1,1
90864262,0,0,1,0,0,0,0,1,0,1,0,0,0,1,1
90800531,0,1,0,0,0,0,0,1,0,1,0,0,0,1,1
90835333,0,1,0,0,0,0,0,1,0,1,0,0,0,1,1
90845988,0,1,0,0,0,0,0,1,0,1,0,0,0,1,1
90848644,0,1,0,0,0,0,0,1,0,1,0,0,0,1,1
80786746,0,1,0,0,0,0,0,1,0,1,0,0,0,1,1
90871049,0,1,0,0,1,0,0,0,0,1,0,0,0,1,1
90871276,0,0,1,0,0,0,0,1,0,0,1,0,0,1,1
90874799,0,1,0,0,0,0,0,1,1,0,0,0,0,1,1
90877680,0,1,0,0,1,0,0,0,0,1,0,0,0,1,1
90878079,0,1,0,0,0,0,0,1,0,1,0,0,0,1,1
52592492,1,0,0,0,1,0,0,0,0,1,0,0,0,1,1
90880808,0,1,0,0,0,0,0,1,0,1,0,0,0,1,1
90881898,0,1,0,0,1,0,0,0,0,1,0,0,0,1,1
73401142,0,1,0,0,0,0,0,1,1,0,0,0,0,1,1
90894353,1,0,0,0,0,0,0,1,0,1,0,0,0,1,1
90504245,1,0,0,0,0,0,0,1,0,1,0,0,0,1,1
90901462,0,1,0,0,0,0,0,1,0,1,0,0,0,1,1
90907912,0,1,0,0,1,0,0,0,0,1,0,0,0,1,1
90918016,0,1,0,0,1,0,0,0,1,0,0,0,0,1,1
90918855,0,1,0,0,0,0,0,1,0,1,0,0,0,1,1
90584290,0,1,0,0,0,0,0,1,0,1,0,0,0,1,1
14429589,1,0,0,0,0,0,0,1,0,1,0,0,0,1,1
74303995,1,0,0,0,0,0,0,1,0,0,1,0,0,1,1
90919915,0,1,0,0,0,0,0,1,0,1,0,0,0,1,1
62923933,1,0,0,0,0,0,0,1,0,0,1,0,0,1,1
90943461,0,1,0,0,0,0,0,1,0,1,0,0,0,1,1
90711618,0,1,0,0,1,0,0,0,0,1,0,0,0,1,1
90951052,0,1,0,0,0,0,0,1,0,1,0,0,0,1,1
90957584,1,0,0,0,0,0,0,1,0,1,0,0,0,1,1
90967642,0,1,0,0,0,0,0,1,0,1,0,0,0,1,1
67213186,0,1,0,0,0,0,0,1,0,1,0,0,0,1,1
90953336,0,1,0,0,0,0,0,1,0,1,0,0,0,1,1
90981069,0,0,1,0,0,0,0,1,0,1,0,0,0,1,1
90991879,0,1,0,0,0,0,0,1,0,1,0,0,0,1,1
91004374,0,1,0,0,0,0,0,1,0,1,0,0,0,1,1
90056373,0,1,0,0,0,0,0,1,0,1,0,0,0,1,0
90001979,0,1,0,0,1,0,0,0,0,1,0,0,0,1,0
90045061,0,1,0,0,1,0,0,0,0,1,0,0,0,1,0
64984082,0,1,0,0,1,0,0,0,0,1,0,1,0,0,0
90678719,0,0,1,0,0,0,0,1,0,1,0,0,0,1,0
84498692,1,0,0,0,0,0,0,1,0,1,0,0,0,1,0
54973664,1,0,0,0,0,0,0,1,0,1,0,0,0,1,0
33116020,0,0,1,0,0,0,0,1,0,1,0,0,0,1,0
89877199,0,1,0,0,0,0,0,1,0,1,0,0,0,1,0
90082553,0,1,0,0,0,0,0,1,0,1,0,0,0,1,0
84600210,1,0,0,0,0,0,0,1,0,1,0,0,0,1,0
89823877,0,1,0,0,1,0,0,0,0,1,0,0,0,1,0
90020835,0,1,0,0,0,0,0,1,0,1,0,0,0,1,0
90014459,0,1,0,0,0,0,0,1,0,1,0,0,0,1,0
89993461,0,1,0,0,1,0,0,0,0,1,0,0,0,1,0
60487059,0,1,0,0,0,1,0,0,0,1,0,0,0,1,0
90325454,0,0,1,0,0,0,0,1,0,0,1,0,0,1,0
84260854,1,0,0,0,0,0,0,1,0,1,0,0,0,1,0
84522508,1,0,0,0,1,0,0,0,0,1,0,0,0,1,0
90328579,0,1,0,0,0,0,0,1,0,1,0,0,0,1,0
84817185,1,0,0,0,1,0,0,0,1,0,0,1,0,0,0
84869122,1,0,0,0,1,0,0,0,1,0,0,1,0,0,0
89820161,0,1,0,0,1,0,0,0,0,1,0,0,0,1,0
89866983,0,1,0,0,0,0,0,1,0,1,0,0,0,1,0
34143758,1,0,0,0,0,0,0,1,0,1,0,0,0,1,0
84968926,1,0,0,0,1,0,0,0,0,1,0,0,0,1,0
84575686,1,0,0,0,0,0,0,1,0,1,0,0,0,1,0
84401541,1,0,0,0,0,0,0,1,0,0,1,0,0,1,0
84703044,1,0,0,0,0,0,0,1,0,1,0,0,0,1,0
89925487,0,1,0,0,1,0,0,0,0,1,0,0,0,1,0
79874219,1,0,0,0,0,0,0,1,0,0,1,0,0,1,0
89891957,0,1,0,0,0,0,0,1,0,1,0,0,0,1,0
84547339,1,0,0,0,0,0,0,1,0,1,0,0,0,1,0
89956387,0,1,0,0,0,1,0,0,0,1,0,0,0,1,0
84305530,1,0,0,0,0,0,0,1,0,1,0,0,0,1,0
90039127,0,0,1,0,1,0,0,0,0,1,0,0,0,1,0
89911285,0,1,0,0,0,0,0,1,1,0,0,0,0,1,0
69842532,1,0,0,0,1,0,0,0,0,1,0,0,0,1,0
84255665,1,0,0,0,1,0,0,0,0,1,0,0,1,0,0
90024387,0,1,0,0,0,0,0,1,0,1,0,0,0,1,0
89919159,0,0,1,0,0,0,0,1,0,1,0,0,0,1,0
50682841,1,0,0,0,0,0,0,1,0,1,0,0,0,1,0
89957919,0,1,0,0,0,0,0,1,0,1,0,0,0,1,0
89938127,0,1,0,0,0,0,0,1,0,1,0,0,0,1,0
90022767,0,1,0,0,0,0,0,1,0,1,0,0,0,1,0
89899179,0,1,0,0,0,0,0,1,0,1,0,0,0,1,0
89987415,0,1,0,0,0,0,0,1,0,1,0,0,0,1,0
90054671,0,1,0,0,0,0,0,1,0,1,0,0,0,1,0
89858343,0,1,0,0,0,0,0,1,0,1,0,0,0,1,0
84637007,1,0,0,0,0,0,0,1,0,1,0,0,0,1,0
34869969,1,0,0,0,0,0,0,1,0,1,0,1,0,0,0
90068179,0,1,0,0,0,0,0,1,0,1,0,0,0,1,0
89997445,0,1,0,0,0,0,0,1,0,1,0,0,0,1,0
84355186,1,0,0,0,0,0,0,1,0,1,0,0,0,1,0
90071355,0,1,0,0,1,0,0,0,0,1,0,0,0,1,0
63272774,0,1,0,0,0,0,1,0,0,1,0,0,0,1,0
89924481,0,0,1,0,0,0,0,1,0,1,0,0,0,1,0
90387013,0,1,0,0,0,0,0,1,0,1,0,0,0,1,0
90408382,1,0,0,0,0,0,0,1,0,1,0,0,0,1,0
90415916,0,1,0,0,0,0,0,1,0,1,0,0,0,1,0
90414394,0,1,0,0,0,0,0,1,0,1,0,0,0,1,0
89852103,0,1,0,0,0,0,0,1,1,0,0,0,0,1,0
89977535,0,1,0,0,0,0,0,1,0,1,0,0,0,1,0
90733335,1,0,0,0,0,0,0,1,0,1,0,0,0,1,0
90490869,0,1,0,0,0,0,0,1,0,1,0,0,0,1,0
90006575,0,1,0,0,0,0,0,1,0,1,0,0,0,1,0
90508773,0,1,0,1,0,0,0,0,0,1,0,0,0,1,0
84801638,1,0,0,0,1,0,0,0,0,1,0,0,0,1,0
89816725,0,0,1,0,1,0,0,0,0,0,1,0,0,1,0
90035779,0,1,0,0,0,0,0,1,0,1,0,0,0,1,0
90037553,0,1,0,0,0,0,0,1,0,1,0,0,0,1,0
84855922,1,0,0,0,0,0,0,1,0,1,0,0,0,1,0
90016069,0,1,0,0,0,0,0,1,0,1,0,0,0,1,0
89979659,0,1,0,0,0,0,0,1,0,1,0,0,0,1,0
89875143,0,0,1,0,0,0,0,1,0,1,0,0,0,1,0
89876653,0,0,1,0,0,0,0,1,0,0,1,0,0,1,0
90570042,0,0,1,0,0,0,0,1,0,1,0,0,0,1,0
89935057,0,0,1,0,0,0,0,1,0,1,0,0,0,1,0
43494361,0,1,0,0,0,0,0,1,0,1,0,1,0,0,0
89914755,0,1,0,0,0,0,0,1,0,1,0,0,0,1,0
89952637,0,1,0,0,0,0,0,1,0,1,0,0,0,1,0
90410693,0,1,0,0,0,0,0,1,0,1,0,0,0,1,0
90433667,0,1,0,0,0,0,0,1,0,1,0,0,0,1,0
89992881,0,1,0,0,0,0,0,1,0,1,0,0,0,1,0
89935815,0,1,0,0,0,0,0,1,0,1,0,0,0,1,0
90050805,0,1,0,0,0,0,0,1,0,1,0,0,0,1,0
90074773,0,1,0,0,0,0,0,1,0,1,0,0,0,1,0
90292272,0,0,1,0,0,0,0,1,0,1,0,0,0,1,0
89946215,0,1,0,0,0,0,0,1,0,1,0,0,0,1,1
75288675,1,0,0,0,0,0,0,1,0,1,0,0,0,1,1
84962270,1,0,0,0,0,0,0,1,0,1,0,0,0,1,1
39911275,1,0,0,0,0,0,0,1,0,1,0,0,0,1,1
89958783,0,1,0,0,0,0,0,1,0,1,0,0,0,1,1
89998727,0,1,0,0,1,0,0,0,0,1,0,0,0,1,1
84225895,1,0,0,0,0,0,0,1,0,1,0,0,0,1,1
89917555,0,1,0,0,1,0,0,0,0,1,0,0,0,1,1
89823309,0,1,0,0,1,0,0,0,0,1,0,0,0,1,1
84550378,1,0,0,0,1,0,0,0,0,1,0,0,0,1,1
89849619,0,1,0,0,1,0,0,0,0,1,0,0,0,1,1
90066843,0,1,0,0,0,0,0,1,0,1,0,0,0,1,1
58968731,1,0,0,0,1,0,0,0,0,1,0,0,0,1,1
63418846,1,0,0,0,0,0,0,1,0,1,0,0,0,1,1
9868551,1,0,0,0,0,0,0,1,0,1,0,0,0,1,1
84239475,1,0,0,0,0,0,1,0,0,1,0,0,0,1,1
90016835,0,0,1,0,0,0,0,1,0,1,0,0,0,1,1
23077031,1,0,0,0,1,0,0,0,0,1,0,0,0,1,1
89971735,0,1,0,0,0,0,0,1,0,1,0,0,0,1,1
89846083,0,1,0,0,0,1,0,0,0,1,0,0,0,1,1
89879693,0,1,0,0,0,0,0,1,1,0,0,0,0,1,1
50992205,1,0,0,0,0,0,0,1,0,0,1,0,0,1,1
90001093,0,1,0,0,0,0,0,1,0,1,0,0,0,1,1
89833011,0,1,0,0,0,0,0,1,0,1,0,0,0,1,1
59804204,0,0,1,0,0,0,0,1,1,0,0,0,0,1,1
90330193,0,1,0,0,0,0,0,1,0,1,0,0,0,1,1
84495684,1,0,0,0,0,0,0,1,0,1,0,0,0,1,1
90041049,0,1,0,0,0,0,0,1,0,1,0,0,1,0,1
89928083,0,1,0,0,0,0,0,1,0,1,0,0,0,1,1
89865963,0,1,0,0,1,0,0,0,0,1,0,0,0,1,1
70060555,0,0,1,0,0,0,0,1,0,1,0,0,0,1,1
90049377,0,1,0,0,0,0,0,1,0,1,0,0,0,1,1
89880213,0,1,0,0,0,0,0,1,0,1,0,0,0,1,1
89942489,0,0,1,0,0,0,0,1,0,0,1,0,0,1,1
89891871,0,1,0,0,0,0,0,1,0,1,0,0,0,1,1
89952245,0,1,0,0,0,1,0,0,0,1,0,0,0,1,1
89929655,0,1,0,0,1,0,0,0,0,1,0,0,0,1,1
89985357,0,1,0,0,0,0,0,1,0,1,0,0,0,1,1
89993863,0,1,0,0,0,0,0,1,0,1,0,0,0,1,1
84918947,1,0,0,0,0,0,0,1,0,1,0,0,0,1,1
89886627,0,1,0,0,0,0,0,1,0,1,0,0,0,1,1
90082985,0,1,0,0,0,0,0,1,0,1,0,0,0,1,1
54345178,1,0,0,0,0,0,0,1,0,1,0,0,0,1,1
66256384,1,0,0,0,0,0,0,1,0,1,0,0,0,1,1
90068717,0,1,0,0,0,0,0,1,0,1,0,0,0,1,1
90392714,0,1,0,0,0,0,0,1,0,1,0,0,0,1,1
29071676,1,0,0,0,0,0,0,1,0,1,0,0,0,1,1
89924037,0,1,0,0,1,0,0,0,0,1,0,0,0,1,1
89884775,0,1,0,0,0,0,0,1,0,1,0,0,0,1,1
41857855,1,0,0,0,0,0,0,1,0,1,0,0,0,1,1
59810056,1,0,0,0,0,0,0,1,0,1,0,0,0,1,1
89912347,0,1,0,0,0,0,0,1,0,1,0,0,0,1,1
90041195,0,1,0,0,0,1,0,0,0,1,0,0,0,1,1
89933325,0,1,0,0,0,0,0,1,0,1,0,0,0,1,1
89881459,0,1,0,0,0,0,0,1,0,1,0,0,0,1,1
84303793,1,0,0,0,0,1,0,0,0,1,0,0,0,1,1
41305556,1,0,0,0,0,0,0,1,0,1,0,0,0,1,1
64900666,0,1,0,0,0,0,0,1,0,1,0,0,0,1,1
89978067,0,1,0,0,1,0,0,0,0,1,0,0,0,1,1
84210875,1,0,0,0,0,0,0,1,0,1,0,0,0,1,1
84322333,1,0,0,0,0,0,0,1,0,1,0,0,0,1,1
68912639,0,1,0,0,1,0,0,0,0,1,0,0,0,1,1
84575098,1,0,0,0,0,0,0,1,0,0,1,0,0,1,1
89948751,0,0,1,0,0,0,0,1,0,1,0,0,0,1,1
69042806,1,0,0,0,0,0,0,1,1,0,0,0,0,1,1
89852613,0,1,0,0,0,0,0,1,0,1,0,0,0,1,1
84257253,1,0,0,0,0,0,0,1,0,1,0,0,0,1,1
84466493,1,0,0,0,0,0,0,1,0,1,0,0,0,1,1
89871143,0,1,0,0,0,0,0,1,0,1,0,0,0,1,1
89974433,0,1,0,0,1,0,0,0,0,1,0,0,0,1,1
89959829,0,1,0,0,0,0,0,1,0,1,0,0,0,1,1
90024141,0,1,0,0,1,0,0,0,0,1,0,0,0,1,1
89888555,0,0,1,0,0,0,0,1,0,1,0,0,0,1,1
89866449,0,1,0,0,0,0,0,1,0,1,0,0,0,1,1
89919501,0,1,0,0,1,0,0,0,0,1,0,0,0,1,1
71805498,1,0,0,0,1,0,0,0,0,1,0,0,0,1,1
84427526,1,0,0,0,0,0,0,1,0,1,0,0,0,1,1
89875615,0,1,0,0,0,0,0,1,0,1,0,0,0,1,1
68509447,0,1,0,0,0,0,0,1,0,1,0,0,0,1,1
21964136,0,1,0,0,0,0,0,1,0,1,0,0,0,1,1
90034351,0,1,0,0,1,0,0,0,0,1,0,0,0,1,1
89815263,0,1,0,0,0,0,0,1,0,1,0,0,0,1,1
89872277,0,1,0,0,0,0,0,1,0,1,0,0,0,1,1
89905265,0,1,0,0,0,0,0,1,0,1,0,0,0,1,1
1943533,0,0,1,0,0,0,0,1,0,1,0,0,1,0,1
84658534,1,0,0,0,0,0,0,1,0,0,1,0,0,1,1
89819603,0,1,0,0,0,0,0,1,0,1,0,0,0,1,1
73019193,0,1,0,0,0,0,0,1,0,1,0,0,0,1,1
89954361,0,0,1,0,0,0,0,1,0,0,1,0,0,1,1
89849735,0,1,0,0,0,0,0,1,0,1,0,0,0,1,1
13458921,1,0,0,0,0,0,0,1,0,1,0,0,0,1,1
84472406,1,0,0,0,0,0,0,1,0,1,0,0,0,1,1
89856477,0,1,0,0,0,0,0,1,0,1,0,0,0,1,1
89881897,0,1,0,0,0,0,0,1,0,1,0,0,0,1,1
89845415,0,1,0,0,1,0,0,0,0,1,0,0,0,1,1
89904437,0,1,0,0,0,0,0,1,0,1,0,0,0,1,1
89821905,0,1,0,0,0,0,0,1,1,0,0,0,0,1,1
90082315,0,0,1,0,0,0,0,1,0,1,0,0,0,1,1
33680898,1,0,0,0,0,0,0,1,0,1,0,0,0,1,1
89845743,0,1,0,0,0,0,0,1,0,1,0,0,0,1,1
84583063,1,0,0,0,0,0,0,1,0,1,0,0,0,1,1
90365639,0,1,0,0,1,0,0,0,0,1,0,0,0,1,1
84873336,1,0,0,0,0,0,0,1,0,1,0,0,0,1,1
89853609,0,1,0,0,0,0,0,1,0,1,0,0,0,1,1
84839481,1,0,0,0,0,0,0,1,0,1,0,0,0,1,1
90010981,0,1,0,0,0,0,0,1,0,1,0,0,0,1,1
89827175,0,1,0,0,0,0,0,1,0,1,0,0,0,1,1
89961057,0,1,0,0,0,1,0,0,0,1,0,0,0,1,1
89933193,0,0,1,0,0,0,0,1,0,0,1,0,0,1,1
89817445,0,1,0,0,0,0,1,0,0,1,0,0,0,1,1
90015921,0,1,0,0,0,0,0,1,0,1,0,0,0,1,1
89813613,0,1,0,0,1,0,0,0,0,1,0,0,0,1,1
89991851,0,1,0,0,0,0,0,1,0,1,0,0,0,1,1
60732043,1,0,0,0,0,0,0,1,0,0,1,0,0,1,1
84677542,1,0,0,0,0,0,0,1,0,1,0,0,0,1,1
90052557,0,1,0,0,1,0,0,0,0,1,0,0,0,1,1
90378421,1,0,0,0,0,0,0,1,0,0,1,0,0,1,1
90379289,0,0,1,0,0,0,0,1,1,0,0,0,0,1,1
89846083,0,1,0,0,1,0,0,0,0,1,0,0,0,1,1
39837960,0,1,0,0,0,1,0,0,0,1,0,0,0,1,1
89879693,0,1,0,0,1,0,0,0,1,0,0,0,0,1,1
90072619,0,1,0,0,0,0,0,1,0,1,0,0,0,1,1
90381032,1,0,0,0,0,0,0,1,0,1,0,0,0,1,1
90390270,1,0,0,0,0,0,0,1,0,1,0,0,0,1,1
90391244,0,1,0,0,1,0,0,0,0,1,0,0,0,1,1
90066843,0,1,0,0,1,0,0,0,0,1,0,0,0,1,1
8536987,1,0,0,0,1,0,0,0,0,1,0,0,0,1,1
84552650,1,0,0,0,1,0,0,0,0,1,0,0,0,1,1
89845415,0,1,0,0,1,0,0,0,0,1,0,0,0,1,1
89940121,0,1,0,0,1,0,0,0,0,1,0,0,0,1,1
90391563,0,1,0,0,1,0,0,0,0,1,0,0,0,1,1
89853195,0,1,0,0,1,0,0,0,0,1,0,0,0,1,1
89889995,0,1,0,0,1,0,0,0,0,1,0,0,0,1,1
84239475,1,0,0,0,1,0,0,0,0,1,0,0,0,1,1
89924037,0,1,0,0,1,0,0,0,0,1,0,0,0,1,1
68912639,0,1,0,0,1,0,0,0,0,1,0,0,0,1,1
89976739,0,1,0,0,1,0,0,0,0,1,0,0,0,1,1
84200085,1,0,0,0,1,0,0,0,0,1,0,0,0,1,1
89823309,0,1,0,0,1,0,0,0,0,1,0,0,0,1,1
90064011,0,1,0,0,1,0,0,0,0,1,0,0,0,1,1
84303793,1,0,0,0,1,0,0,0,0,1,0,0,0,1,1
84182467,1,0,0,0,1,0,0,0,0,1,0,0,0,1,1
90396834,0,1,0,0,0,0,0,1,0,1,0,0,0,1,1
58968731,1,0,0,0,1,0,0,0,0,1,0,0,0,1,1
89978067,0,1,0,0,1,0,0,0,0,1,0,0,0,1,1
89858363,0,1,0,0,1,0,0,0,0,1,0,0,0,1,1
89849619,0,1,0,0,1,0,0,0,0,1,0,0,0,1,1
89998199,0,1,0,0,1,0,0,0,0,1,0,0,0,1,1
90000087,0,1,0,0,1,0,0,0,0,1,0,0,0,1,1
89974433,0,1,0,0,1,0,0,0,0,1,0,0,0,1,1
84550378,1,0,0,0,1,0,0,0,0,1,0,0,0,1,1
89855699,0,1,0,0,1,0,0,0,0,1,0,0,0,1,1
89840595,0,0,1,0,1,0,0,0,0,1,0,0,0,1,1
90000641,0,1,0,0,1,0,0,0,0,1,0,0,0,1,1
89981655,0,1,0,0,0,0,0,1,0,1,0,0,0,1,1
90397874,0,0,1,0,0,0,0,1,0,1,0,0,0,1,1
90401468,0,1,0,0,0,0,0,1,0,1,0,0,0,1,1
90034351,0,1,0,0,1,0,0,0,0,1,0,0,0,1,1
90412724,0,1,0,0,1,0,0,0,0,1,0,0,0,1,1
90414031,0,1,0,0,1,0,0,0,0,1,0,0,0,1,1
80019061,1,0,0,0,1,0,0,0,0,1,0,0,0,1,1
90429548,0,1,0,0,0,0,0,1,1,0,0,0,0,1,1
90422765,0,0,1,0,0,0,0,1,0,1,0,0,0,1,1
55687862,1,0,0,0,0,0,0,1,1,0,0,0,0,1,1
90423710,1,0,0,0,0,0,0,1,0,1,0,0,0,1,1
90398983,1,0,0,0,0,0,0,1,0,1,0,0,0,1,1
90447607,0,1,0,0,0,1,0,0,0,1,0,0,0,1,1
89958655,0,1,0,0,0,0,0,1,0,1,0,0,0,1,1
33045491,0,1,0,0,0,0,0,1,0,1,0,0,0,1,1
44084530,0,0,1,0,0,0,0,1,0,1,0,0,0,1,1
90494994,0,1,0,0,0,0,0,1,0,1,0,0,0,1,1
90498299,0,1,0,0,0,0,0,1,0,1,0,0,0,1,1
